<?xml version="1.0" ?>
<manifest identifier="yI7XyFvypjL3dXm64iUNfzTMXOsMjYScPE0BIgwm" version="1"
  xmlns="http://www.imsproject.org/xsd/imscp_rootv1p1p2"
  xmlns:adlcp="http://www.adlnet.org/xsd/adlcp_rootv1p2"
  xmlns:xsi="http://www.w3.org/2001/XMLSchema-instance"
  xsi:schemaLocation="http://www.imsproject.org/xsd/imscp_rootv1p1p2 imscp_rootv1p1p2.xsd
                      http://www.adlnet.org/xsd/adlcp_rootv1p2 adlcp_rootv1p2.xsd">
  <metadata>
    <schema>ADL SCORM</schema>
    <schemaversion>1.2</schemaversion>
    <adlcp:location>metadata.xml</adlcp:location>
  </metadata>
  <organizations default="articulate_rise">
      <organization identifier="articulate_rise">
      <title>Making Your Modules Accessible</title>
      <item identifier="i1" identifierref="r1" isvisible="true">
        <title>Making Your Modules Accessible</title>
        <adlcp:datafromlms>eyJjcHYiOiJQRTBCSWd3bSIsInJsZCI6dHJ1ZX0=</adlcp:datafromlms>
      </item>
    </organization>
  </organizations>
  <resources>
    <resource identifier="r1" type="webcontent" adlcp:scormtype="sco" href="scormdriver/indexAPI.html">
      <!-- SCORMDRIVER STUFF -->
      <file href="scormdriver/indexAPI.html" />
      <file href="scormdriver/preloadIntegrity.js" />
      <file href="scormdriver/driverOptions.js" />
      <file href="scormdriver/AICCComm.html" />
      <file href="scormdriver/auto-scripts/AutoBookmark.js" />
      <file href="scormdriver/auto-scripts/AutoCompleteSCO.js" />
      <file href="scormdriver/auto-scripts/CourseExit.js" />
      <file href="scormdriver/blank.html" />
      <file href="scormdriver/goodbye.html" />
      <file href="scormdriver/scormdriver.js" />
      <file href="scormdriver/browsersniff.js" />

      <!-- RUNTIME COMMON STUFF -->
      <file href="scormcontent/index.html" />
      <file href="scormcontent/lib/main.bundle.js"/>

      
        <file href="scormcontent/lib/fonts/icomoon.ttf"/>
        <file href="scormcontent/lib/fonts/icomoon.woff"/>

        <file href="scormcontent/lib/icomoon.css"/>
        <file href="scormcontent/lib/main.bundle.css"/>
        <file href="scormcontent/lib/player-0.0.11.min.js"/>
        <file href="scormcontent/lib/lzwcompress.js"/>
      

      <!-- RUNTIME CONTENT STUFF -->
      <file href="scormcontent/lib/fonts/Lato-Black.woff" />
<file href="scormcontent/lib/fonts/Lato-Italic.woff" />
<file href="scormcontent/lib/fonts/Lato-Bold.woff" />
<file href="scormcontent/lib/fonts/Lato-Regular.woff" />
<file href="scormcontent/lib/fonts/Lato-Light.woff" />
<file href="scormcontent/lib/fonts/Merriweather-Black.woff" />
<file href="scormcontent/lib/fonts/Merriweather-Italic.woff" />
<file href="scormcontent/lib/fonts/Merriweather-Bold.woff" />
<file href="scormcontent/lib/fonts/Merriweather-Regular.woff" />
<file href="scormcontent/lib/fonts/Merriweather-Light.woff" />
<file href="scormcontent/assets/lVhIIc11bNVqwES__small_1668612838.jpg" />
<file href="scormcontent/assets/mrnYhBAxm9tUK9dO_6Q-W8yUV0L6nPD8F.jpg" />
<file href="scormcontent/assets/cKiCDq8vfE2m0LzJ_aUG54okgyRW2nLlS.jpg" />
<file href="scormcontent/assets/V81rWTURL_S3ZvZv_KX8nDbJo4I2gDPHU.jpg" />
<file href="scormcontent/assets/HS3s9taS14LNENzV_XWpMvJXSsf3X6B9l.jpg" />
<file href="scormcontent/assets/a6L5t1DWYGvRIYml_1kOEIrYqGHFkKtMf.jpg" />
<file href="scormcontent/assets/zkee3lnVBFawkBGV_d2-2Fap_-49y39jY.jpg" />
<file href="scormcontent/assets/ielg5-Q5B72I7FPd_FqEDL6KUvnXwuKSW.jpg" />
<file href="scormcontent/assets/OKXojc7b9g2aLjWl_quote_background.jpg" />
<file href="scormcontent/assets/XgjP3kzuisfvzl7B_IpLLMsv-sq7EHCL6.jpg" />
<file href="scormcontent/assets/kJeJ2uenSrYXCoh2_TtuQq2_HtkTX4tmG.jpg" />
<file href="scormcontent/assets/w_IBMGEU59l8cbBP_mountains.jpg" />
<file href="scormcontent/assets/5GgIiKIU7M1CCiph_JYwaYMHSzc7-z1kH.jpg" />
<file href="scormcontent/assets/0WOEKI1ldvL5WUbj_GkysUybhhc0ZMUU0.jpg" />
<file href="scormcontent/assets/TJMFwKgpB-K6GG3__eWhgh9mvxNik9WUD.png" />
<file href="scormcontent/assets/sLSRjeYqaIT_z3Je_vEcFl15MtTzprADv.jpg" />
<file href="scormcontent/assets/n-9YM9FRcu22cUjR_5B9yzPKIbQw7FAMA-Why%20do%20we%20need%20to%20make%20our%20modules%20accessible.docx" />
<file href="scormcontent/assets/djlqxXrsk5MchZPX_7AvHV6istjeeJS5q.jpg" />
<file href="scormcontent/assets/69qDhlN5dvySio7r_H7lVt46HjIKbD1NQ.jpg" />
<file href="scormcontent/assets/fIwQ58-pdzPZbW5W_SNJLRprwLuaq8JwP.jpg" />
<file href="scormcontent/assets/OymxFwJBWMpdKZge_k-kL6fZLB9HYF5Hb.jpg" />
<file href="scormcontent/assets/Zc-0p6G5lSuSYChp_2mXEijs3UGNpNorf.jpg" />
<file href="scormcontent/assets/eXT2lTsXVeiAbflS_wkDnXyISLntYU61w.jpg" />
<file href="scormcontent/assets/ocB0s4Y0zWRnROMv_fwMfjrS_y0ABf7cc.jpg" />
<file href="scormcontent/assets/DQiU3yItCXdCWnla_EtlcgTnv2KcuyA4y.jpg" />
<file href="scormcontent/assets/uE1lihYQczQ7oBXz_G9DAdtbhQMLbvjp6.jpg" />
<file href="scormcontent/assets/88ENkQnbCVYw9V8z_Hb1U7TkJ9OU-IMIs-recording.mp3" />
<file href="scormcontent/assets/BIRCLRzAKtjG2HgN_RSrmtjr0r06mVkZI-recording.mp3" />
<file href="scormcontent/assets/98nmdVsqt0it2bea_KNYPmEAGMRBM6iZc-recording.mp3" />
<file href="scormcontent/assets/tFjk4c-YHqkI2_9B_2xby985bX-D_izZB-recording.mp3" />
<file href="scormcontent/assets/GN1JY_yr19G-Dine_64srCmbI1FNFlbZ0-The%20accessibility%20cocktail%20mocktail.docx" />
<file href="scormcontent/assets/6SgIqMltPNjBu4gn_EsGN9HSf3_mqJIP1.jpg" />
<file href="scormcontent/assets/vCYsR8LLaBREza_y_X0EuXbdIox09GS3L.jpg" />
<file href="scormcontent/assets/25SkJspbebjfiK18_fQl1wP9xjubVC3ck.jpg" />
<file href="scormcontent/assets/ghGsaWCFKemtDb94_YPrE6sVX_XKZafNA.jpg" />
<file href="scormcontent/assets/AlTMgtBNHjo-itsM_MoeVjoLYtpAGN4S4.png" />
<file href="scormcontent/assets/w4sWsSnEeun_cBQC_Z43OGW1EnVFmbLHA.jpg" />
<file href="scormcontent/assets/69u3xZyfWZexb2t7_VD3TDNDXYNW9fIeb.jpg" />
<file href="scormcontent/assets/El23hySGnNjIFOBJ_MssKSefl9wBYAIaA-Accessibility%20Checklist.xlsx" />
<file href="scormcontent/assets/VE2C3ost2kPGYw50_2IlMMqV2vnH2qLGi.jpg" />
<file href="scormcontent/assets/Bcx4uHfbKveRtoCb_4NM5iw066dk3_YaL.jpg" />
<file href="scormcontent/assets/EjHcpHLLPet2VRiI_hEHx-MLPVyMhH2Mk.jpg" />
<file href="scormcontent/assets/W5gMbTGdAdns8Vv4_SQmqADFm80qADtk6.jpg" />
<file href="scormcontent/assets/yRHfiNgosj5gTXzp_p1IUDfknG29hLpJs-MS%20Accessibility%20Checker%20Transcript.docx" />
<file href="scormcontent/assets/PddgNblMu5RJCHf-_LBHpHvj8gVDKzFLD.png" />
<file href="scormcontent/assets/Y9u_xvfaVcRH7iKm_6V3W2BDMgc6NeqtV.png" />
<file href="scormcontent/assets/PsxB3j3_KRREnDUP_jFSN4S2rDEXoMTaj-Blackboard%20Ally%20Transcript.docx" />
<file href="scormcontent/assets/FbvJ0SYEmrQURGIR_3kS-yKHZed4gxr5g.jpg" />
<file href="scormcontent/assets/JH69V2-E4b0-KYUz_HzhSChliilRUhSnj.png" />
<file href="scormcontent/assets/wzCuqtcLN1tT8HDo_AJWL67tsX-SJgdGg.jpg" />
<file href="scormcontent/assets/fei0pyoFRJki0SSQ_20wFrKqDRJ01DvYY.jpg" />
<file href="scormcontent/assets/uf7lk0M3vxccPGmS_IBvOMkRYfQ0NSNkz-Transcript%20Colour%20Ratio.docx" />
<file href="scormcontent/assets/YhoiQdnrBGh-kaEO_WS5Qvhhu4UJ15ZYS.jpg" />
<file href="scormcontent/assets/aFlubnEtcMEBaJig_57_u_FJll_rlMrHK.png" />
<file href="scormcontent/assets/lz0wHCDzeIXF9UCY_blYcDQxIgMWAVNQV.png" />
<file href="scormcontent/assets/bBB2OWgRS_BLYnDt_pOdLegnGcXTMHRlZ.jpg" />
<file href="scormcontent/assets/mEBJMNuyVCpJIdMI_H6xlVr-s46Wa8jRf.jpg" />
<file href="scormcontent/assets/KxQ3OxNfja01micm_Rx6do6Qos0c4KevH-Alt%20text%20for%20Word%20and%20Powerpoint.docx" />
<file href="scormcontent/assets/MsjO36dk01TaSTLt_xEpXofH9-Nr0xne--Alt%20text%20for%20Moodle.docx" />
<file href="scormcontent/assets/yBwyJw9yCHY9rbX6_wPowyUbKBzxln2Rq.jpg" />
<file href="scormcontent/assets/XAwlDgC7K8DfOeQy_IpxI40cC_UUDvNus.png" />
<file href="scormcontent/assets/WGnXNW4qvnAeLyE4_08p5vFoGgpkVFoUv.png" />
<file href="scormcontent/assets/LPLj8rseolinOSgI_Y9M6KcBIeDfpuV8a.png" />
<file href="scormcontent/assets/b6uOh0Tq2ZLBIw1a_yT4F416V8MZ9rhlf.png" />
<file href="scormcontent/assets/w5XNge_DZ9YZfxTj_6caQeYuYoeTkY6Ly.png" />
<file href="scormcontent/assets/rMHlB2wjb0bn4iyN_QYAKup35F2GhMcuD.jpg" />
<file href="scormcontent/assets/JhsZmzB44Mm9hGyj_vt1UDl_AMGaErC7k.jpg" />
<file href="scormcontent/assets/HqG9lWIWtLBZPrv9_Jaf7-EXifIRan4jF.jpg" />
<file href="scormcontent/assets/1Dc_YE5hGKf3I5Rg_3IKr5bQNkoeZOXRu.png" />
<file href="scormcontent/assets/NQGqJDIji1L1VkGN_jwV0vVZrVMfeOJdW.jpg" />
<file href="scormcontent/assets/nqTvct0jEujCH1Ly_4FmuAGuBP-KaXlCW.jpg" />
<file href="scormcontent/assets/Ry2KOWxZftEvVHUc_3UHuvcngwb3ETOxu.jpg" />
<file href="scormcontent/assets/i3U2dpd5dKhyYZFv_wQfL3eFmZw_eOVVM.jpg" />
<file href="scormcontent/assets/eePyJcslgtdQPyF-_S8fG48J_uUHGiIRg.jpg" />
<file href="scormcontent/assets/ySP0-u0KhNO38JeE_-ypsIW6qWbnbRwxh.jpg" />
<file href="scormcontent/assets/DWXiG5lFme9kvCq6_R9kzICXZY3DZgzgV.png" />
<file href="scormcontent/assets/xitgTyUAoPJQ7dIu_cbpvB0g_WdEnFe1_.png" />
<file href="scormcontent/assets/vTSRrzPfO7witoql_Psy6n61O5VP8eVnM.jpg" />
<file href="scormcontent/assets/U1cQIT-CwOQ7GIJ3_3Vi7s5MIWBsiapuX.jpg" />
<file href="scormcontent/assets/U0BzuiyiSrMHr80H_cBwQEG4Vs1N-Vcn4.jpg" />
<file href="scormcontent/assets/X8gUcBPkStbm85RJ_PiZ_aLtGcENy_Ap_.jpg" />
<file href="scormcontent/assets/kza9nl2z_dZfOPbn_5i65B3kSuOjcN2hH.jpg" />
<file href="scormcontent/assets/95eG8erUceyWtC_f_DxuWhP3FmIqyGed9.jpg" />
<file href="scormcontent/assets/3YxOkyu4m0Px7KY8_2hoJ9sSROEjp20dO.jpg" />
<file href="scormcontent/assets/CMHMS9J-8q80Dl3J_x-S2KizlLkaLTglJ.jpg" />
<file href="scormcontent/assets/VKZqU5K6cxvDJVg3_cQSZIYoL8BX81VuD.jpg" />
<file href="scormcontent/assets/W1U-KscTFa4geifI_2b04MKqz8wACcouj.jpg" />
<file href="scormcontent/assets/dyIlY1tkg5LOWUGK_o-RjAStzeQR_5clc.jpg" />
<file href="scormcontent/assets/lV1acW1XsJ9kMJ_Z_WT0UR4VBX0eG3wTo.jpg" />
<file href="scormcontent/assets/0SK9Ahe82yjZv2Bq_Zfc_LjBq2zEEG1kC.jpg" />
<file href="scormcontent/assets/b7j0pHMuCK5LuZEw_jieutxayfA_y1RHa.jpg" />
<file href="scormcontent/assets/A6VJgpdeDYAWqImT_R29_UvZPKE-ucP7n.jpg" />
<file href="scormcontent/assets/7JdvOLH0dB4-CJtN_jIJUzsIVoRs2dh0n-References%20and%20further%20reading.docx" />
<file href="scormcontent/assets/vri9b8A2cFkd817G_1Mc4a2dcYxkmZltz.jpg" />
<file href="scormcontent/assets/ZWSfMGENreI1bU4l_10_insurance.jpg" />
<file href="scormcontent/assets/WsxL0RtKyxkP1uk4_example-header-image.jpg" />

    </resource>
  </resources>
</manifest>
